"ZipCode","Borough","MODZCTA","MappingStatus"
"10001","Manhattan","10001","Mapped via DOHMH statistical geography"
"10002","Manhattan","10002","Mapped via DOHMH statistical geography"
"10003","Manhattan","10003","Mapped via DOHMH statistical geography"
"10004","Manhattan","10004","Mapped via DOHMH statistical geography"
"10005","Manhattan","10005","Mapped via DOHMH statistical geography"
"10006","Manhattan","10006","Mapped via DOHMH statistical geography"
"10007","Manhattan","10007","Mapped via DOHMH statistical geography"
"10009","Manhattan","10009","Mapped via DOHMH statistical geography"
"10010","Manhattan","10010","Mapped via DOHMH statistical geography"
"10011","Manhattan","10011","Mapped via DOHMH statistical geography"
"10012","Manhattan","10012","Mapped via DOHMH statistical geography"
"10013","Manhattan","10013","Mapped via DOHMH statistical geography"
"10014","Manhattan","10014","Mapped via DOHMH statistical geography"
"10016","Manhattan","10016","Mapped via DOHMH statistical geography"
"10017","Manhattan","10017","Mapped via DOHMH statistical geography"
"10018","Manhattan","10018","Mapped via DOHMH statistical geography"
"10019","Manhattan","10019","Mapped via DOHMH statistical geography"
"10020","Manhattan","10019","Mapped via DOHMH statistical geography"
"10021","Manhattan","10021","Mapped via DOHMH statistical geography"
"10022","Manhattan","10022","Mapped via DOHMH statistical geography"
"10023","Manhattan","10023","Mapped via DOHMH statistical geography"
"10024","Manhattan","10024","Mapped via DOHMH statistical geography"
"10025","Manhattan","10025","Mapped via DOHMH statistical geography"
"10026","Manhattan","10026","Mapped via DOHMH statistical geography"
"10027","Manhattan","10027","Mapped via DOHMH statistical geography"
"10028","Manhattan","10028","Mapped via DOHMH statistical geography"
"10029","Manhattan","10029","Mapped via DOHMH statistical geography"
"10030","Manhattan","10030","Mapped via DOHMH statistical geography"
"10031","Manhattan","10031","Mapped via DOHMH statistical geography"
"10032","Manhattan","10032","Mapped via DOHMH statistical geography"
"10033","Manhattan","10033","Mapped via DOHMH statistical geography"
"10034","Manhattan","10034","Mapped via DOHMH statistical geography"
"10035","Manhattan","10035","Mapped via DOHMH statistical geography"
"10036","Manhattan","10036","Mapped via DOHMH statistical geography"
"10037","Manhattan","10037","Mapped via DOHMH statistical geography"
"10038","Manhattan","10038","Mapped via DOHMH statistical geography"
"10039","Manhattan","10039","Mapped via DOHMH statistical geography"
"10040","Manhattan","10040","Mapped via DOHMH statistical geography"
"10044","Manhattan","10044","Mapped via DOHMH statistical geography"
"10065","Manhattan","10065","Mapped via DOHMH statistical geography"
"10069","Manhattan","10069","Mapped via DOHMH statistical geography"
"10075","Manhattan","10075","Mapped via DOHMH statistical geography"
"10103","Manhattan","10019","Mapped via DOHMH statistical geography"
"10110","Manhattan","10036","Mapped via DOHMH statistical geography"
"10111","Manhattan","10019","Mapped via DOHMH statistical geography"
"10112","Manhattan","10019","Mapped via DOHMH statistical geography"
"10115","Manhattan","10027","Mapped via DOHMH statistical geography"
"10119","Manhattan","10001","Mapped via DOHMH statistical geography"
"10128","Manhattan","10128","Mapped via DOHMH statistical geography"
"10152","Manhattan","10022","Mapped via DOHMH statistical geography"
"10153","Manhattan","10022","Mapped via DOHMH statistical geography"
"10154","Manhattan","10022","Mapped via DOHMH statistical geography"
"10162","Manhattan","10075","Mapped via DOHMH statistical geography"
"10165","Manhattan","10017","Mapped via DOHMH statistical geography"
"10167","Manhattan","10017","Mapped via DOHMH statistical geography"
"10168","Manhattan","10017","Mapped via DOHMH statistical geography"
"10169","Manhattan","10017","Mapped via DOHMH statistical geography"
"10170","Manhattan","10017","Mapped via DOHMH statistical geography"
"10171","Manhattan","10017","Mapped via DOHMH statistical geography"
"10172","Manhattan","10017","Mapped via DOHMH statistical geography"
"10173","Manhattan","10017","Mapped via DOHMH statistical geography"
"10174","Manhattan","10017","Mapped via DOHMH statistical geography"
"10177","Manhattan","10017","Mapped via DOHMH statistical geography"
"10199","Manhattan","10001","Mapped via DOHMH statistical geography"
"10271","Manhattan","10005","Mapped via DOHMH statistical geography"
"10278","Manhattan","10007","Mapped via DOHMH statistical geography"
"10279","Manhattan","10007","Mapped via DOHMH statistical geography"
"10280","Manhattan","10280","Mapped via DOHMH statistical geography"
"10282","Manhattan","10282","Mapped via DOHMH statistical geography"
"10301","Staten Island","10301","Mapped via DOHMH statistical geography"
"10302","Staten Island","10302","Mapped via DOHMH statistical geography"
"10303","Staten Island","10303","Mapped via DOHMH statistical geography"
"10304","Staten Island","10304","Mapped via DOHMH statistical geography"
"10305","Staten Island","10305","Mapped via DOHMH statistical geography"
"10306","Staten Island","10306","Mapped via DOHMH statistical geography"
"10307","Staten Island","10307","Mapped via DOHMH statistical geography"
"10308","Staten Island","10308","Mapped via DOHMH statistical geography"
"10309","Staten Island","10309","Mapped via DOHMH statistical geography"
"10310","Staten Island","10310","Mapped via DOHMH statistical geography"
"10311","Staten Island","10314","Mapped via DOHMH statistical geography"
"10312","Staten Island","10312","Mapped via DOHMH statistical geography"
"10314","Staten Island","10314","Mapped via DOHMH statistical geography"
"10451","Bronx","10451","Mapped via DOHMH statistical geography"
"10452","Bronx","10452","Mapped via DOHMH statistical geography"
"10453","Bronx","10453","Mapped via DOHMH statistical geography"
"10454","Bronx","10454","Mapped via DOHMH statistical geography"
"10455","Bronx","10455","Mapped via DOHMH statistical geography"
"10456","Bronx","10456","Mapped via DOHMH statistical geography"
"10457","Bronx","10457","Mapped via DOHMH statistical geography"
"10458","Bronx","10458","Mapped via DOHMH statistical geography"
"10459","Bronx","10459","Mapped via DOHMH statistical geography"
"10460","Bronx","10460","Mapped via DOHMH statistical geography"
"10461","Bronx","10461","Mapped via DOHMH statistical geography"
"10462","Bronx","10462","Mapped via DOHMH statistical geography"
"10463","","10463","Ambiguous: crosses borough boundaries"
"10464","Bronx","10464","Mapped via DOHMH statistical geography"
"10465","Bronx","10465","Mapped via DOHMH statistical geography"
"10466","Bronx","10466","Mapped via DOHMH statistical geography"
"10467","Bronx","10467","Mapped via DOHMH statistical geography"
"10468","Bronx","10468","Mapped via DOHMH statistical geography"
"10469","Bronx","10469","Mapped via DOHMH statistical geography"
"10470","Bronx","10470","Mapped via DOHMH statistical geography"
"10471","Bronx","10471","Mapped via DOHMH statistical geography"
"10472","Bronx","10472","Mapped via DOHMH statistical geography"
"10473","Bronx","10473","Mapped via DOHMH statistical geography"
"10474","Bronx","10474","Mapped via DOHMH statistical geography"
"10475","Bronx","10475","Mapped via DOHMH statistical geography"
"11001","Queens","11429","Mapped via DOHMH statistical geography"
"11003","Queens","11411","Mapped via DOHMH statistical geography"
"11004","Queens","11004","Mapped via DOHMH statistical geography"
"11005","Queens","11004","Mapped via DOHMH statistical geography"
"11040","Queens","11004","Mapped via DOHMH statistical geography"
"11101","Queens","11101","Mapped via DOHMH statistical geography"
"11102","Queens","11102","Mapped via DOHMH statistical geography"
"11103","Queens","11103","Mapped via DOHMH statistical geography"
"11104","Queens","11104","Mapped via DOHMH statistical geography"
"11105","Queens","11105","Mapped via DOHMH statistical geography"
"11106","Queens","11106","Mapped via DOHMH statistical geography"
"11109","Queens","11109","Mapped via DOHMH statistical geography"
"11201","Brooklyn","11201","Mapped via DOHMH statistical geography"
"11203","Brooklyn","11203","Mapped via DOHMH statistical geography"
"11204","Brooklyn","11204","Mapped via DOHMH statistical geography"
"11205","Brooklyn","11205","Mapped via DOHMH statistical geography"
"11206","Brooklyn","11206","Mapped via DOHMH statistical geography"
"11207","Brooklyn","11207","Mapped via DOHMH statistical geography"
"11208","Brooklyn","11208","Mapped via DOHMH statistical geography"
"11209","Brooklyn","11209","Mapped via DOHMH statistical geography"
"11210","Brooklyn","11210","Mapped via DOHMH statistical geography"
"11211","Brooklyn","11211","Mapped via DOHMH statistical geography"
"11212","Brooklyn","11212","Mapped via DOHMH statistical geography"
"11213","Brooklyn","11213","Mapped via DOHMH statistical geography"
"11214","Brooklyn","11214","Mapped via DOHMH statistical geography"
"11215","Brooklyn","11215","Mapped via DOHMH statistical geography"
"11216","Brooklyn","11216","Mapped via DOHMH statistical geography"
"11217","Brooklyn","11217","Mapped via DOHMH statistical geography"
"11218","Brooklyn","11218","Mapped via DOHMH statistical geography"
"11219","Brooklyn","11219","Mapped via DOHMH statistical geography"
"11220","Brooklyn","11220","Mapped via DOHMH statistical geography"
"11221","Brooklyn","11221","Mapped via DOHMH statistical geography"
"11222","Brooklyn","11222","Mapped via DOHMH statistical geography"
"11223","Brooklyn","11223","Mapped via DOHMH statistical geography"
"11224","Brooklyn","11224","Mapped via DOHMH statistical geography"
"11225","Brooklyn","11225","Mapped via DOHMH statistical geography"
"11226","Brooklyn","11226","Mapped via DOHMH statistical geography"
"11228","Brooklyn","11228","Mapped via DOHMH statistical geography"
"11229","Brooklyn","11229","Mapped via DOHMH statistical geography"
"11230","Brooklyn","11230","Mapped via DOHMH statistical geography"
"11231","Brooklyn","11231","Mapped via DOHMH statistical geography"
"11232","Brooklyn","11232","Mapped via DOHMH statistical geography"
"11233","Brooklyn","11233","Mapped via DOHMH statistical geography"
"11234","Brooklyn","11234","Mapped via DOHMH statistical geography"
"11235","Brooklyn","11235","Mapped via DOHMH statistical geography"
"11236","Brooklyn","11236","Mapped via DOHMH statistical geography"
"11237","Brooklyn","11237","Mapped via DOHMH statistical geography"
"11238","Brooklyn","11238","Mapped via DOHMH statistical geography"
"11239","Brooklyn","11239","Mapped via DOHMH statistical geography"
"11351","Queens","11357","Mapped via DOHMH statistical geography"
"11354","Queens","11354","Mapped via DOHMH statistical geography"
"11355","Queens","11355","Mapped via DOHMH statistical geography"
"11356","Queens","11356","Mapped via DOHMH statistical geography"
"11357","Queens","11357","Mapped via DOHMH statistical geography"
"11358","Queens","11358","Mapped via DOHMH statistical geography"
"11359","Queens","11360","Mapped via DOHMH statistical geography"
"11360","Queens","11360","Mapped via DOHMH statistical geography"
"11361","Queens","11361","Mapped via DOHMH statistical geography"
"11362","Queens","11362","Mapped via DOHMH statistical geography"
"11363","Queens","11363","Mapped via DOHMH statistical geography"
"11364","Queens","11364","Mapped via DOHMH statistical geography"
"11365","Queens","11365","Mapped via DOHMH statistical geography"
"11366","Queens","11366","Mapped via DOHMH statistical geography"
"11367","Queens","11367","Mapped via DOHMH statistical geography"
"11368","Queens","11368","Mapped via DOHMH statistical geography"
"11369","Queens","11369","Mapped via DOHMH statistical geography"
"11370","","11370","Ambiguous: crosses borough boundaries"
"11371","Queens","11369","Mapped via DOHMH statistical geography"
"11372","Queens","11372","Mapped via DOHMH statistical geography"
"11373","Queens","11373","Mapped via DOHMH statistical geography"
"11374","Queens","11374","Mapped via DOHMH statistical geography"
"11375","Queens","11375","Mapped via DOHMH statistical geography"
"11377","Queens","11377","Mapped via DOHMH statistical geography"
"11378","Queens","11378","Mapped via DOHMH statistical geography"
"11379","Queens","11379","Mapped via DOHMH statistical geography"
"11385","Queens","11385","Mapped via DOHMH statistical geography"
"11411","Queens","11411","Mapped via DOHMH statistical geography"
"11412","Queens","11412","Mapped via DOHMH statistical geography"
"11413","Queens","11413","Mapped via DOHMH statistical geography"
"11414","Queens","11414","Mapped via DOHMH statistical geography"
"11415","Queens","11415","Mapped via DOHMH statistical geography"
"11416","Queens","11416","Mapped via DOHMH statistical geography"
"11417","Queens","11417","Mapped via DOHMH statistical geography"
"11418","Queens","11418","Mapped via DOHMH statistical geography"
"11419","Queens","11419","Mapped via DOHMH statistical geography"
"11420","Queens","11420","Mapped via DOHMH statistical geography"
"11421","Queens","11421","Mapped via DOHMH statistical geography"
"11422","Queens","11422","Mapped via DOHMH statistical geography"
"11423","Queens","11423","Mapped via DOHMH statistical geography"
"11424","Queens","11415","Mapped via DOHMH statistical geography"
"11425","Brooklyn","11209","Mapped via DOHMH statistical geography"
"11426","Queens","11426","Mapped via DOHMH statistical geography"
"11427","Queens","11427","Mapped via DOHMH statistical geography"
"11428","Queens","11428","Mapped via DOHMH statistical geography"
"11429","Queens","11429","Mapped via DOHMH statistical geography"
"11430","Queens","11434","Mapped via DOHMH statistical geography"
"11432","Queens","11432","Mapped via DOHMH statistical geography"
"11433","Queens","11433","Mapped via DOHMH statistical geography"
"11434","Queens","11434","Mapped via DOHMH statistical geography"
"11435","Queens","11435","Mapped via DOHMH statistical geography"
"11436","Queens","11436","Mapped via DOHMH statistical geography"
"11451","Queens","11433","Mapped via DOHMH statistical geography"
"11691","Queens","11691","Mapped via DOHMH statistical geography"
"11692","Queens","11692","Mapped via DOHMH statistical geography"
"11693","Queens","11693","Mapped via DOHMH statistical geography"
"11694","Queens","11694","Mapped via DOHMH statistical geography"
"11697","Queens","11697","Mapped via DOHMH statistical geography"
